County,(To sort by county and year),(To sort by year and county),Year,State and County FIPS Code,Beneficiaries with Part A and Part B,FFS Beneficiaries,MA Beneficiaries,MA Participation Rate (%),Average Age,Percent Female,Percent Male,Percent Non-Hispanic White,Percent African American,Percent Hispanic,Percent Other/Unknown,Percent Eligible for Medicaid,Average HCC Score
STATE TOTAL,.2007,200753000,2007,.,840313,656632,183681,0.2,72,0.5,0.5,0.9,0.0,0.0,0.1,0.2,0.90
Adams,530012007,200753001,2007,53001,2061,1885,176,0.1,72,0.5,0.5,,,,,0.2,0.92
Asotin,530032007,200753003,2007,53003,4757,4223,534,0.1,72,0.5,0.5,1.0,0.0,0.0,0.0,0.2,0.92
Benton,530052007,200753005,2007,53005,20673,18293,2380,0.1,72,0.5,0.5,0.9,0.0,0.0,0.0,0.1,0.93
Chelan,530072007,200753007,2007,53007,11733,10337,1396,0.1,73,0.5,0.5,0.9,0.0,0.0,0.0,0.2,0.88
Clallam,530092007,200753009,2007,53009,18263,17168,1095,0.1,73,0.5,0.5,1.0,0.0,0.0,0.0,0.1,0.82
Clark,530112007,200753011,2007,53011,46954,24263,22691,0.5,70,0.5,0.5,0.9,0.0,0.0,0.0,0.2,0.92
Columbia,530132007,200753013,2007,53013,936,857,79,0.1,72,0.5,0.5,1.0,0.0,0.0,0.0,0.2,0.82
Cowlitz,530152007,200753015,2007,53015,17713,10719,6994,0.4,70,0.5,0.5,1.0,0.0,0.0,0.0,0.2,0.97
Douglas,530172007,200753017,2007,53017,5276,4565,711,0.1,73,0.5,0.5,,,,,0.1,0.90
Ferry,530192007,200753019,2007,53019,1369,1237,132,0.1,70,0.5,0.5,,,,,0.2,0.75
Franklin,530212007,200753021,2007,53021,5735,5027,708,0.1,71,0.5,0.5,0.8,0.0,0.1,0.0,0.2,0.96
Garfield,530232007,200753023,2007,53023,511,474,37,0.1,75,0.6,0.4,,,,,0.1,0.90
Grant,530252007,200753025,2007,53025,11265,9949,1316,0.1,72,0.5,0.5,0.9,0.0,0.1,0.0,0.2,0.89
Grays Harbor,530272007,200753027,2007,53027,13439,12463,976,0.1,71,0.5,0.5,0.9,0.0,0.0,0.0,0.2,0.92
Island,530292007,200753029,2007,53029,13815,11049,2766,0.2,72,0.5,0.5,0.9,0.0,0.0,0.0,0.1,0.79
Jefferson,530312007,200753031,2007,53031,7642,7287,355,0.0,73,0.5,0.5,1.0,0.0,0.0,0.0,0.1,0.77
King,530332007,200753033,2007,53033,201417,151809,49608,0.2,72,0.6,0.4,0.8,0.1,0.0,0.1,0.2,0.91
Kitsap,530352007,200753035,2007,53035,32436,27458,4978,0.2,72,0.5,0.5,0.9,0.0,0.0,0.1,0.2,0.92
Kittitas,530372007,200753037,2007,53037,5256,4838,418,0.1,73,0.5,0.5,1.0,0.0,0.0,0.0,0.1,0.77
Klickitat,530392007,200753039,2007,53039,3892,3522,370,0.1,71,0.5,0.5,,,,,0.2,0.76
Lewis,530412007,200753041,2007,53041,14246,11252,2994,0.2,71,0.5,0.5,1.0,0.0,0.0,0.0,0.2,0.89
Lincoln,530432007,200753043,2007,53043,2352,2211,141,0.1,73,0.5,0.5,,,,,0.1,0.85
Mason,530452007,200753045,2007,53045,11463,9142,2321,0.2,71,0.5,0.5,1.0,0.0,0.0,0.0,0.1,0.81
Okanogan,530472007,200753047,2007,53047,7466,6651,815,0.1,71,0.5,0.5,0.9,0.0,0.0,0.1,0.2,0.84
Pacific,530492007,200753049,2007,53049,5729,5287,442,0.1,72,0.5,0.5,,,,,0.2,0.85
Pend Oreille,530512007,200753051,2007,53051,2258,2037,221,0.1,70,0.5,0.5,,,,,0.2,0.83
Pierce,530532007,200753053,2007,53053,93621,75724,17897,0.2,71,0.5,0.5,0.9,0.1,0.0,0.1,0.2,0.93
San Juan,530552007,200753055,2007,53055,3180,2758,422,0.1,73,0.5,0.5,,,,,0.1,0.70
Skagit,530572007,200753057,2007,53057,19436,14879,4557,0.2,72,0.5,0.5,0.9,0.0,0.0,0.0,0.1,0.83
Skamania,530592007,200753059,2007,53059,1441,1165,276,0.2,71,0.5,0.5,1.0,0.0,0.0,0.0,0.2,0.79
Snohomish,530612007,200753061,2007,53061,72893,50264,22629,0.3,71,0.6,0.4,0.9,0.0,0.0,0.1,0.2,0.92
Spokane,530632007,200753063,2007,53063,67217,56837,10380,0.2,72,0.6,0.4,1.0,0.0,0.0,0.0,0.2,0.94
Stevens,530652007,200753065,2007,53065,8006,7080,926,0.1,71,0.5,0.5,,,,,0.2,0.82
Thurston,530672007,200753067,2007,53067,33821,23202,10619,0.3,71,0.5,0.5,0.9,0.0,0.0,0.0,0.2,0.88
Wahkiakum,530692007,200753069,2007,53069,966,709,257,0.3,72,0.5,0.5,,,,,0.1,0.86
Walla Walla,530712007,200753071,2007,53071,9338,8249,1089,0.1,74,0.6,0.4,0.9,0.0,0.0,0.0,0.2,0.95
Whatcom,530732007,200753073,2007,53073,27027,20760,6267,0.2,72,0.5,0.5,0.9,0.0,0.0,0.0,0.2,0.90
Whitman,530752007,200753075,2007,53075,4265,4048,217,0.1,73,0.5,0.5,1.0,0.0,0.0,0.0,0.1,0.89
Yakima,530772007,200753077,2007,53077,30445,26954,3491,0.1,72,0.5,0.5,0.8,0.0,0.1,0.0,0.3,0.94
STATE TOTAL,.2008,200853000,2008,.,867440,656321,211119,0.2,72,0.5,0.5,0.9,0.0,0.0,0.1,0.2,0.90
Adams,530012008,200853001,2008,53001,2080,1852,228,0.1,72,0.5,0.5,,,,,0.2,0.94
Asotin,530032008,200853003,2008,53003,4843,3989,854,0.2,72,0.5,0.5,1.0,0.0,0.0,0.0,0.2,0.92
Benton,530052008,200853005,2008,53005,21648,18385,3263,0.2,72,0.5,0.5,0.9,0.0,0.0,0.0,0.2,0.93
Chelan,530072008,200853007,2008,53007,12146,10207,1939,0.2,73,0.5,0.5,0.9,0.0,0.0,0.0,0.2,0.84
Clallam,530092008,200853009,2008,53009,18689,17210,1479,0.1,73,0.5,0.5,1.0,0.0,0.0,0.0,0.1,0.80
Clark,530112008,200853011,2008,53011,49377,24673,24704,0.5,70,0.5,0.5,0.9,0.0,0.0,0.1,0.3,0.92
Columbia,530132008,200853013,2008,53013,949,854,95,0.1,72,0.5,0.5,,,,,0.2,0.86
Cowlitz,530152008,200853015,2008,53015,18241,10595,7646,0.4,70,0.5,0.5,1.0,0.0,0.0,0.0,0.2,0.96
Douglas,530172008,200853017,2008,53017,5393,4482,911,0.2,73,0.5,0.5,,,,,0.2,0.88
Ferry,530192008,200853019,2008,53019,1435,1263,172,0.1,69,0.5,0.5,,,,,0.2,0.73
Franklin,530212008,200853021,2008,53021,6070,5079,991,0.2,71,0.5,0.5,0.8,0.0,0.1,0.0,0.2,0.96
Garfield,530232008,200853023,2008,53023,517,461,56,0.1,75,0.6,0.4,,,,,0.1,1.00
Grant,530252008,200853025,2008,53025,11547,9878,1669,0.1,72,0.5,0.5,0.9,0.0,0.1,0.0,0.2,0.88
Grays Harbor,530272008,200853027,2008,53027,13686,12490,1196,0.1,71,0.5,0.5,0.9,0.0,0.0,0.0,0.2,0.91
Island,530292008,200853029,2008,53029,14498,11248,3250,0.2,73,0.5,0.5,0.9,0.0,0.0,0.0,0.1,0.80
Jefferson,530312008,200853031,2008,53031,7961,7521,440,0.1,73,0.5,0.5,1.0,0.0,0.0,0.0,0.1,0.77
King,530332008,200853033,2008,53033,206755,152198,54557,0.3,72,0.6,0.4,0.8,0.1,0.0,0.1,0.2,0.91
Kitsap,530352008,200853035,2008,53035,33702,28002,5700,0.2,71,0.5,0.5,0.9,0.0,0.0,0.1,0.2,0.91
Kittitas,530372008,200853037,2008,53037,5368,4851,517,0.1,73,0.5,0.5,1.0,0.0,0.0,0.0,0.1,0.77
Klickitat,530392008,200853039,2008,53039,4003,3520,483,0.1,71,0.5,0.5,,,,,0.2,0.76
Lewis,530412008,200853041,2008,53041,14689,11205,3484,0.2,71,0.5,0.5,1.0,0.0,0.0,0.0,0.2,0.87
Lincoln,530432008,200853043,2008,53043,2373,2192,181,0.1,73,0.5,0.5,,,,,0.1,0.83
Mason,530452008,200853045,2008,53045,11868,9261,2607,0.2,71,0.5,0.5,1.0,0.0,0.0,0.0,0.1,0.81
Okanogan,530472008,200853047,2008,53047,7725,6634,1091,0.1,71,0.5,0.5,0.9,0.0,0.0,0.1,0.2,0.82
Pacific,530492008,200853049,2008,53049,5850,5290,560,0.1,72,0.5,0.5,,,,,0.2,0.86
Pend Oreille,530512008,200853051,2008,53051,2328,2034,294,0.1,70,0.5,0.5,,,,,0.2,0.84
Pierce,530532008,200853053,2008,53053,96465,75602,20863,0.2,71,0.5,0.5,0.8,0.1,0.0,0.1,0.2,0.92
San Juan,530552008,200853055,2008,53055,3280,2782,498,0.2,73,0.5,0.5,,,,,0.1,0.69
Skagit,530572008,200853057,2008,53057,20045,14925,5120,0.3,72,0.5,0.5,0.9,0.0,0.0,0.0,0.2,0.84
Skamania,530592008,200853059,2008,53059,1495,1160,335,0.2,71,0.5,0.5,1.0,0.0,0.0,0.0,0.2,0.79
Snohomish,530612008,200853061,2008,53061,75227,49306,25921,0.3,71,0.6,0.4,0.9,0.0,0.0,0.1,0.2,0.93
Spokane,530632008,200853063,2008,53063,69277,55899,13378,0.2,72,0.6,0.4,0.9,0.0,0.0,0.0,0.2,0.94
Stevens,530652008,200853065,2008,53065,8372,7071,1301,0.2,71,0.5,0.5,0.9,0.0,0.0,0.0,0.2,0.82
Thurston,530672008,200853067,2008,53067,35210,23837,11373,0.3,71,0.5,0.5,0.9,0.0,0.0,0.1,0.2,0.87
Wahkiakum,530692008,200853069,2008,53069,997,701,296,0.3,72,0.5,0.5,,,,,0.1,0.86
Walla Walla,530712008,200853071,2008,53071,9529,8098,1431,0.2,74,0.6,0.4,0.9,0.0,0.0,0.0,0.2,0.96
Whatcom,530732008,200853073,2008,53073,28124,20908,7216,0.3,72,0.5,0.5,0.9,0.0,0.0,0.0,0.2,0.89
Whitman,530752008,200853075,2008,53075,4338,4006,332,0.1,74,0.5,0.5,1.0,0.0,0.0,0.0,0.1,0.91
Yakima,530772008,200853077,2008,53077,31340,26652,4688,0.1,72,0.5,0.5,0.8,0.0,0.1,0.0,0.3,0.94
STATE TOTAL,.2009,200953000,2009,.,867440,656321,211119,0.2,72,0.5,0.5,0.9,0.0,0.0,0.1,0.2,0.90
Adams,530012009,200953001,2009,53001,2080,1852,228,0.1,72,0.5,0.5,,,,,0.2,0.94
Asotin,530032009,200953003,2009,53003,4843,3989,854,0.2,72,0.5,0.5,1.0,0.0,0.0,0.0,0.2,0.92
Benton,530052009,200953005,2009,53005,21648,18385,3263,0.2,72,0.5,0.5,0.9,0.0,0.0,0.0,0.2,0.93
Chelan,530072009,200953007,2009,53007,12146,10207,1939,0.2,73,0.5,0.5,0.9,0.0,0.0,0.0,0.2,0.84
Clallam,530092009,200953009,2009,53009,18689,17210,1479,0.1,73,0.5,0.5,1.0,0.0,0.0,0.0,0.1,0.80
Clark,530112009,200953011,2009,53011,49377,24673,24704,0.5,70,0.5,0.5,0.9,0.0,0.0,0.1,0.3,0.92
Columbia,530132009,200953013,2009,53013,949,854,95,0.1,72,0.5,0.5,,,,,0.2,0.86
Cowlitz,530152009,200953015,2009,53015,18241,10595,7646,0.4,70,0.5,0.5,1.0,0.0,0.0,0.0,0.2,0.96
Douglas,530172009,200953017,2009,53017,5393,4482,911,0.2,73,0.5,0.5,,,,,0.2,0.88
Ferry,530192009,200953019,2009,53019,1435,1263,172,0.1,69,0.5,0.5,,,,,0.2,0.73
Franklin,530212009,200953021,2009,53021,6070,5079,991,0.2,71,0.5,0.5,0.8,0.0,0.1,0.0,0.2,0.96
Garfield,530232009,200953023,2009,53023,517,461,56,0.1,75,0.6,0.4,,,,,0.1,1.00
Grant,530252009,200953025,2009,53025,11547,9878,1669,0.1,72,0.5,0.5,0.9,0.0,0.1,0.0,0.2,0.88
Grays Harbor,530272009,200953027,2009,53027,13686,12490,1196,0.1,71,0.5,0.5,0.9,0.0,0.0,0.0,0.2,0.91
Island,530292009,200953029,2009,53029,14498,11248,3250,0.2,73,0.5,0.5,0.9,0.0,0.0,0.0,0.1,0.80
Jefferson,530312009,200953031,2009,53031,7961,7521,440,0.1,73,0.5,0.5,1.0,0.0,0.0,0.0,0.1,0.77
King,530332009,200953033,2009,53033,206755,152198,54557,0.3,72,0.6,0.4,0.8,0.1,0.0,0.1,0.2,0.91
Kitsap,530352009,200953035,2009,53035,33702,28002,5700,0.2,71,0.5,0.5,0.9,0.0,0.0,0.1,0.2,0.91
Kittitas,530372009,200953037,2009,53037,5368,4851,517,0.1,73,0.5,0.5,1.0,0.0,0.0,0.0,0.1,0.77
Klickitat,530392009,200953039,2009,53039,4003,3520,483,0.1,71,0.5,0.5,,,,,0.2,0.76
Lewis,530412009,200953041,2009,53041,14689,11205,3484,0.2,71,0.5,0.5,1.0,0.0,0.0,0.0,0.2,0.87
Lincoln,530432009,200953043,2009,53043,2373,2192,181,0.1,73,0.5,0.5,,,,,0.1,0.83
Mason,530452009,200953045,2009,53045,11868,9261,2607,0.2,71,0.5,0.5,1.0,0.0,0.0,0.0,0.1,0.81
Okanogan,530472009,200953047,2009,53047,7725,6634,1091,0.1,71,0.5,0.5,0.9,0.0,0.0,0.1,0.2,0.82
Pacific,530492009,200953049,2009,53049,5850,5290,560,0.1,72,0.5,0.5,,,,,0.2,0.86
Pend Oreille,530512009,200953051,2009,53051,2328,2034,294,0.1,70,0.5,0.5,,,,,0.2,0.84
Pierce,530532009,200953053,2009,53053,96465,75602,20863,0.2,71,0.5,0.5,0.8,0.1,0.0,0.1,0.2,0.92
San Juan,530552009,200953055,2009,53055,3280,2782,498,0.2,73,0.5,0.5,,,,,0.1,0.69
Skagit,530572009,200953057,2009,53057,20045,14925,5120,0.3,72,0.5,0.5,0.9,0.0,0.0,0.0,0.2,0.84
Skamania,530592009,200953059,2009,53059,1495,1160,335,0.2,71,0.5,0.5,1.0,0.0,0.0,0.0,0.2,0.79
Snohomish,530612009,200953061,2009,53061,75227,49306,25921,0.3,71,0.6,0.4,0.9,0.0,0.0,0.1,0.2,0.93
Spokane,530632009,200953063,2009,53063,69277,55899,13378,0.2,72,0.6,0.4,0.9,0.0,0.0,0.0,0.2,0.94
Stevens,530652009,200953065,2009,53065,8372,7071,1301,0.2,71,0.5,0.5,0.9,0.0,0.0,0.0,0.2,0.82
Thurston,530672009,200953067,2009,53067,35210,23837,11373,0.3,71,0.5,0.5,0.9,0.0,0.0,0.1,0.2,0.87
Wahkiakum,530692009,200953069,2009,53069,997,701,296,0.3,72,0.5,0.5,,,,,0.1,0.86
Walla Walla,530712009,200953071,2009,53071,9529,8098,1431,0.2,74,0.6,0.4,0.9,0.0,0.0,0.0,0.2,0.96
Whatcom,530732009,200953073,2009,53073,28124,20908,7216,0.3,72,0.5,0.5,0.9,0.0,0.0,0.0,0.2,0.89
Whitman,530752009,200953075,2009,53075,4338,4006,332,0.1,74,0.5,0.5,1.0,0.0,0.0,0.0,0.1,0.91
Yakima,530772009,200953077,2009,53077,31340,26652,4688,0.1,72,0.5,0.5,0.8,0.0,0.1,0.0,0.3,0.94
STATE TOTAL,.2010,201053000,2010,.,922783,666045,256738,0.3,72,0.5,0.5,0.9,0.0,0.0,0.1,0.2,0.90
Adams,530012010,201053001,2010,53001,2068,1769,299,0.1,72,0.5,0.5,,,,,0.2,0.92
Asotin,530032010,201053003,2010,53003,5002,3933,1069,0.2,71,0.5,0.5,1.0,0.0,0.0,0.0,0.2,0.92
Benton,530052010,201053005,2010,53005,23058,19500,3558,0.2,72,0.5,0.5,0.9,0.0,0.0,0.0,0.2,0.94
Chelan,530072010,201053007,2010,53007,12685,10625,2060,0.2,73,0.5,0.5,0.9,0.0,0.0,0.0,0.2,0.80
Clallam,530092010,201053009,2010,53009,19444,17279,2165,0.1,73,0.5,0.5,0.9,0.0,0.0,0.0,0.1,0.82
Clark,530112010,201053011,2010,53011,54274,25482,28792,0.5,70,0.5,0.5,0.9,0.0,0.0,0.1,0.3,0.95
Columbia,530132010,201053013,2010,53013,1051,916,135,0.1,72,0.5,0.5,,,,,0.2,0.85
Cowlitz,530152010,201053015,2010,53015,19250,10783,8467,0.4,70,0.5,0.5,1.0,0.0,0.0,0.0,0.2,0.97
Douglas,530172010,201053017,2010,53017,5738,4706,1032,0.2,73,0.5,0.5,,,,,0.2,0.81
Ferry,530192010,201053019,2010,53019,1576,1315,261,0.2,69,0.5,0.5,,,,,0.2,0.75
Franklin,530212010,201053021,2010,53021,6717,5648,1069,0.2,71,0.5,0.5,0.8,0.0,0.2,0.0,0.3,0.94
Garfield,530232010,201053023,2010,53023,532,455,77,0.1,74,0.6,0.4,,,,,0.2,0.91
Grant,530252010,201053025,2010,53025,12165,10371,1794,0.1,72,0.5,0.5,0.9,0.0,0.1,0.0,0.2,0.85
Grays Harbor,530272010,201053027,2010,53027,14352,13015,1337,0.1,70,0.5,0.5,0.9,0.0,0.0,0.0,0.2,0.93
Island,530292010,201053029,2010,53029,15612,11573,4039,0.3,73,0.5,0.5,0.9,0.0,0.0,0.0,0.1,0.79
Jefferson,530312010,201053031,2010,53031,8579,7834,745,0.1,73,0.5,0.5,1.0,0.0,0.0,0.0,0.1,0.77
King,530332010,201053033,2010,53033,220036,154647,65389,0.3,72,0.6,0.4,0.8,0.1,0.0,0.1,0.2,0.92
Kitsap,530352010,201053035,2010,53035,36154,29408,6746,0.2,71,0.5,0.5,0.9,0.0,0.0,0.1,0.2,0.90
Kittitas,530372010,201053037,2010,53037,5671,5079,592,0.1,73,0.5,0.5,1.0,0.0,0.0,0.0,0.1,0.76
Klickitat,530392010,201053039,2010,53039,4275,3640,635,0.1,71,0.5,0.5,,,,,0.2,0.75
Lewis,530412010,201053041,2010,53041,15492,11295,4197,0.3,70,0.5,0.5,1.0,0.0,0.0,0.0,0.2,0.87
Lincoln,530432010,201053043,2010,53043,2387,2133,254,0.1,73,0.5,0.5,,,,,0.1,0.84
Mason,530452010,201053045,2010,53045,12576,9713,2863,0.2,71,0.5,0.5,0.9,0.0,0.0,0.0,0.2,0.82
Okanogan,530472010,201053047,2010,53047,8096,7304,792,0.1,71,0.5,0.5,0.9,0.0,0.0,0.1,0.2,0.76
Pacific,530492010,201053049,2010,53049,5999,5334,665,0.1,72,0.5,0.5,1.0,0.0,0.0,0.0,0.2,0.88
Pend Oreille,530512010,201053051,2010,53051,2644,2191,453,0.2,70,0.5,0.5,,,,,0.2,0.77
Pierce,530532010,201053053,2010,53053,102200,76530,25670,0.3,71,0.5,0.5,0.8,0.1,0.0,0.1,0.2,0.93
San Juan,530552010,201053055,2010,53055,3647,2925,722,0.2,74,0.5,0.5,,,,,0.1,0.69
Skagit,530572010,201053057,2010,53057,21173,14760,6413,0.3,72,0.5,0.5,0.9,0.0,0.0,0.0,0.2,0.82
Skamania,530592010,201053059,2010,53059,1649,1240,409,0.2,71,0.5,0.5,,,,,0.2,0.80
Snohomish,530612010,201053061,2010,53061,81301,49479,31822,0.4,71,0.5,0.5,0.9,0.0,0.0,0.1,0.2,0.94
Spokane,530632010,201053063,2010,53063,72429,53325,19104,0.3,72,0.6,0.4,0.9,0.0,0.0,0.0,0.2,0.95
Stevens,530652010,201053065,2010,53065,8915,7099,1816,0.2,71,0.5,0.5,0.9,0.0,0.0,0.0,0.2,0.84
Thurston,530672010,201053067,2010,53067,37534,24915,12619,0.3,70,0.5,0.5,0.9,0.0,0.0,0.1,0.2,0.87
Wahkiakum,530692010,201053069,2010,53069,1035,700,335,0.3,72,0.5,0.5,,,,,0.2,0.91
Walla Walla,530712010,201053071,2010,53071,9878,8274,1604,0.2,74,0.6,0.4,0.9,0.0,0.1,0.0,0.2,0.93
Whatcom,530732010,201053073,2010,53073,30296,20174,10122,0.3,72,0.5,0.5,0.9,0.0,0.0,0.1,0.2,0.91
Whitman,530752010,201053075,2010,53075,4517,4034,483,0.1,73,0.5,0.5,1.0,0.0,0.0,0.0,0.2,0.93
Yakima,530772010,201053077,2010,53077,32776,26642,6134,0.2,72,0.5,0.5,0.8,0.0,0.1,0.0,0.3,0.92
STATE TOTAL,.2011,201153000,2011,.,958036,683588,274448,0.3,71,0.5,0.5,0.9,0.0,0.0,0.1,0.2,0.90
Adams,530012011,201153001,2011,53001,2103,1807,296,0.1,72,0.5,0.5,,,,,0.2,0.89
Asotin,530032011,201153003,2011,53003,5167,4476,691,0.1,71,0.5,0.5,1.0,0.0,0.0,0.0,0.2,0.92
Benton,530052011,201153005,2011,53005,23970,20607,3363,0.1,72,0.5,0.5,0.9,0.0,0.0,0.0,0.2,0.92
Chelan,530072011,201153007,2011,53007,13105,11280,1825,0.1,73,0.5,0.5,0.9,0.0,0.0,0.0,0.2,0.79
Clallam,530092011,201153009,2011,53009,19984,18398,1586,0.1,73,0.5,0.5,0.9,0.0,0.0,0.0,0.1,0.80
Clark,530112011,201153011,2011,53011,57225,26264,30961,0.5,70,0.5,0.5,0.9,0.0,0.0,0.1,0.3,0.96
Columbia,530132011,201153013,2011,53013,1032,1005,27,0.0,72,0.5,0.5,,,,,0.2,0.88
Cowlitz,530152011,201153015,2011,53015,20013,11393,8620,0.4,70,0.5,0.5,1.0,0.0,0.0,0.0,0.2,0.96
Douglas,530172011,201153017,2011,53017,5982,5204,778,0.1,73,0.5,0.5,0.9,0.0,0.0,0.0,0.2,0.80
Ferry,530192011,201153019,2011,53019,1644,1439,205,0.1,70,0.5,0.5,,,,,0.2,0.73
Franklin,530212011,201153021,2011,53021,6987,6023,964,0.1,71,0.5,0.5,0.8,0.0,0.2,0.0,0.2,0.93
Garfield,530232011,201153023,2011,53023,535,474,61,0.1,74,0.5,0.5,,,,,0.2,0.89
Grant,530252011,201153025,2011,53025,12430,10913,1517,0.1,71,0.5,0.5,0.9,0.0,0.1,0.0,0.2,0.85
Grays Harbor,530272011,201153027,2011,53027,14791,14040,751,0.1,70,0.5,0.5,0.9,0.0,0.0,0.0,0.2,0.92
Island,530292011,201153029,2011,53029,16269,11820,4449,0.3,73,0.5,0.5,0.9,0.0,0.0,0.0,0.1,0.79
Jefferson,530312011,201153031,2011,53031,8875,8217,658,0.1,73,0.5,0.5,1.0,0.0,0.0,0.0,0.1,0.75
King,530332011,201153033,2011,53033,228554,155194,73360,0.3,72,0.6,0.4,0.8,0.1,0.0,0.1,0.2,0.92
Kitsap,530352011,201153035,2011,53035,37589,30533,7056,0.2,71,0.5,0.5,0.9,0.0,0.0,0.1,0.2,0.89
Kittitas,530372011,201153037,2011,53037,5923,5667,256,0.0,72,0.5,0.5,1.0,0.0,0.0,0.0,0.1,0.75
Klickitat,530392011,201153039,2011,53039,4459,4263,196,0.0,71,0.5,0.5,1.0,0.0,0.0,0.0,0.2,0.74
Lewis,530412011,201153041,2011,53041,15904,11827,4077,0.3,71,0.5,0.5,1.0,0.0,0.0,0.0,0.2,0.89
Lincoln,530432011,201153043,2011,53043,2426,2152,274,0.1,73,0.5,0.5,,,,,0.1,0.81
Mason,530452011,201153045,2011,53045,12959,10222,2737,0.2,71,0.5,0.5,0.9,0.0,0.0,0.0,0.2,0.82
Okanogan,530472011,201153047,2011,53047,8364,7507,857,0.1,71,0.5,0.5,0.9,0.0,0.0,0.1,0.2,0.75
Pacific,530492011,201153049,2011,53049,6091,5458,633,0.1,72,0.5,0.5,0.9,0.0,0.0,0.0,0.2,0.83
Pend Oreille,530512011,201153051,2011,53051,2737,2243,494,0.2,70,0.5,0.5,,,,,0.2,0.78
Pierce,530532011,201153053,2011,53053,105966,77598,28368,0.3,71,0.5,0.5,0.8,0.1,0.0,0.1,0.2,0.94
San Juan,530552011,201153055,2011,53055,3852,3077,775,0.2,73,0.5,0.5,,,,,0.1,0.70
Skagit,530572011,201153057,2011,53057,22001,14865,7136,0.3,72,0.5,0.5,0.9,0.0,0.0,0.0,0.2,0.81
Skamania,530592011,201153059,2011,53059,1692,1455,237,0.1,71,0.5,0.5,,,,,0.2,0.77
Snohomish,530612011,201153061,2011,53061,85018,50125,34893,0.4,71,0.5,0.5,0.9,0.0,0.0,0.1,0.2,0.93
Spokane,530632011,201153063,2011,53063,74922,52441,22481,0.3,71,0.6,0.4,0.9,0.0,0.0,0.0,0.2,0.96
Stevens,530652011,201153065,2011,53065,9217,7925,1292,0.1,71,0.5,0.5,0.9,0.0,0.0,0.0,0.2,0.84
Thurston,530672011,201153067,2011,53067,39120,25948,13172,0.3,70,0.5,0.5,0.9,0.0,0.0,0.1,0.2,0.88
Wahkiakum,530692011,201153069,2011,53069,1073,849,224,0.2,72,0.5,0.5,,,,,0.1,0.79
Walla Walla,530712011,201153071,2011,53071,10084,8957,1127,0.1,74,0.6,0.4,0.9,0.0,0.1,0.0,0.2,0.95
Whatcom,530732011,201153073,2011,53073,31681,20515,11166,0.4,72,0.5,0.5,0.9,0.0,0.0,0.1,0.2,0.91
Whitman,530752011,201153075,2011,53075,4626,4343,283,0.1,73,0.5,0.5,1.0,0.0,0.0,0.0,0.2,0.91
Yakima,530772011,201153077,2011,53077,33666,27064,6602,0.2,71,0.5,0.5,0.8,0.0,0.1,0.0,0.3,0.92
STATE TOTAL,.2012,201253000,2012,.,999522,684733,314789,0.3,71,0.5,0.5,0.9,0.0,0.0,0.1,0.2,0.90
Adams,530012012,201253001,2012,53001,2157,1811,346,0.2,72,0.5,0.5,,,,,0.2,0.94
Asotin,530032012,201253003,2012,53003,5248,4475,773,0.1,71,0.5,0.5,1.0,0.0,0.0,0.0,0.2,0.91
Benton,530052012,201253005,2012,53005,25071,21219,3852,0.2,71,0.5,0.5,0.9,0.0,0.0,0.0,0.2,0.91
Chelan,530072012,201253007,2012,53007,13595,10982,2613,0.2,73,0.5,0.5,0.9,0.0,0.0,0.0,0.2,0.79
Clallam,530092012,201253009,2012,53009,20549,18673,1876,0.1,73,0.5,0.5,0.9,0.0,0.0,0.0,0.1,0.78
Clark,530112012,201253011,2012,53011,60522,27055,33467,0.6,70,0.5,0.5,0.9,0.0,0.0,0.1,0.3,0.96
Columbia,530132012,201253013,2012,53013,1053,1012,41,0.0,72,0.5,0.5,,,,,0.2,0.83
Cowlitz,530152012,201253015,2012,53015,20898,11357,9541,0.5,70,0.5,0.5,0.9,0.0,0.0,0.0,0.2,0.97
Douglas,530172012,201253017,2012,53017,6213,5109,1104,0.2,72,0.5,0.5,0.9,0.0,0.1,0.0,0.2,0.81
Ferry,530192012,201253019,2012,53019,1688,1409,279,0.2,70,0.5,0.5,,,,,0.2,0.74
Franklin,530212012,201253021,2012,53021,7249,6132,1117,0.2,71,0.5,0.5,0.7,0.0,0.2,0.0,0.2,0.93
Garfield,530232012,201253023,2012,53023,543,481,62,0.1,73,0.5,0.5,,,,,0.2,0.90
Grant,530252012,201253025,2012,53025,12782,10836,1946,0.2,71,0.5,0.5,0.9,0.0,0.1,0.0,0.2,0.84
Grays Harbor,530272012,201253027,2012,53027,15199,14251,948,0.1,70,0.5,0.5,0.9,0.0,0.0,0.0,0.2,0.90
Island,530292012,201253029,2012,53029,17036,11755,5281,0.3,72,0.5,0.5,0.9,0.0,0.0,0.0,0.1,0.80
Jefferson,530312012,201253031,2012,53031,9295,8524,771,0.1,72,0.5,0.5,1.0,0.0,0.0,0.0,0.1,0.75
King,530332012,201253033,2012,53033,238457,155126,83331,0.3,73,0.6,0.4,0.8,0.1,0.0,0.1,0.2,0.92
Kitsap,530352012,201253035,2012,53035,39236,30954,8282,0.2,71,0.5,0.5,0.9,0.0,0.0,0.1,0.2,0.88
Kittitas,530372012,201253037,2012,53037,6212,5835,377,0.1,72,0.5,0.5,1.0,0.0,0.0,0.0,0.1,0.78
Klickitat,530392012,201253039,2012,53039,4652,4409,243,0.1,71,0.5,0.5,1.0,0.0,0.0,0.0,0.2,0.72
Lewis,530412012,201253041,2012,53041,16407,11684,4723,0.3,70,0.5,0.5,1.0,0.0,0.0,0.0,0.2,0.88
Lincoln,530432012,201253043,2012,53043,2503,2193,310,0.1,72,0.5,0.5,,,,,0.1,0.78
Mason,530452012,201253045,2012,53045,13461,10421,3040,0.2,71,0.5,0.5,0.9,0.0,0.0,0.0,0.2,0.81
Okanogan,530472012,201253047,2012,53047,8640,7504,1136,0.1,71,0.5,0.5,0.9,0.0,0.0,0.1,0.2,0.75
Pacific,530492012,201253049,2012,53049,6323,5714,609,0.1,72,0.5,0.5,0.9,0.0,0.0,0.0,0.2,0.82
Pend Oreille,530512012,201253051,2012,53051,2868,2306,562,0.2,70,0.5,0.5,,,,,0.2,0.81
Pierce,530532012,201253053,2012,53053,110896,78302,32594,0.3,71,0.5,0.5,0.8,0.1,0.0,0.1,0.2,0.94
San Juan,530552012,201253055,2012,53055,4096,3151,945,0.2,73,0.5,0.5,,,,,0.1,0.67
Skagit,530572012,201253057,2012,53057,22809,14861,7948,0.3,72,0.5,0.5,0.9,0.0,0.0,0.0,0.2,0.84
Skamania,530592012,201253059,2012,53059,1774,1499,275,0.2,71,0.5,0.5,,,,,0.2,0.77
Snohomish,530612012,201253061,2012,53061,89633,48032,41601,0.5,71,0.5,0.5,0.9,0.0,0.0,0.1,0.2,0.94
Spokane,530632012,201253063,2012,53063,77745,50992,26753,0.3,71,0.5,0.5,0.9,0.0,0.0,0.0,0.2,0.95
Stevens,530652012,201253065,2012,53065,9630,8058,1572,0.2,71,0.5,0.5,0.9,0.0,0.0,0.0,0.2,0.82
Thurston,530672012,201253067,2012,53067,41072,26794,14278,0.3,70,0.5,0.5,0.9,0.0,0.0,0.1,0.2,0.87
Wahkiakum,530692012,201253069,2012,53069,1129,874,255,0.2,72,0.5,0.5,,,,,0.1,0.83
Walla Walla,530712012,201253071,2012,53071,10337,9032,1305,0.1,74,0.6,0.4,0.9,0.0,0.1,0.0,0.2,0.94
Whatcom,530732012,201253073,2012,53073,33162,20623,12539,0.4,71,0.5,0.5,0.9,0.0,0.0,0.1,0.2,0.90
Whitman,530752012,201253075,2012,53075,4704,4358,346,0.1,73,0.5,0.5,1.0,0.0,0.0,0.0,0.1,0.87
Yakima,530772012,201253077,2012,53077,34678,26930,7748,0.2,71,0.5,0.5,0.8,0.0,0.1,0.1,0.3,0.93
STATE TOTAL,.2013,201353000,2013,.,1038239,704882,333357,0.3,71,0.5,0.5,0.9,0.0,0.0,0.1,0.2,0.90
Adams,530012013,201353001,2013,53001,2169,1831,338,0.2,72,0.5,0.5,,,,,0.2,0.89
Asotin,530032013,201353003,2013,53003,5360,4515,845,0.2,71,0.5,0.5,1.0,0.0,0.0,0.0,0.2,0.89
Benton,530052013,201353005,2013,53005,26314,22132,4182,0.2,71,0.5,0.5,0.9,0.0,0.0,0.0,0.2,0.91
Chelan,530072013,201353007,2013,53007,14072,11411,2661,0.2,73,0.5,0.5,0.9,0.0,0.1,0.0,0.2,0.83
Clallam,530092013,201353009,2013,53009,21160,19195,1965,0.1,73,0.5,0.5,0.9,0.0,0.0,0.0,0.1,0.79
Clark,530112013,201353011,2013,53011,63736,27885,35851,0.6,70,0.5,0.5,0.9,0.0,0.0,0.1,0.3,0.96
Columbia,530132013,201353013,2013,53013,1097,1054,43,0.0,72,0.5,0.5,,,,,0.2,0.84
Cowlitz,530152013,201353015,2013,53015,21577,11420,10157,0.5,70,0.5,0.5,0.9,0.0,0.0,0.0,0.3,0.99
Douglas,530172013,201353017,2013,53017,6423,5292,1131,0.2,72,0.5,0.5,0.9,0.0,0.1,0.0,0.2,0.84
Ferry,530192013,201353019,2013,53019,1732,1571,161,0.1,70,0.5,0.5,,,,,0.2,0.74
Franklin,530212013,201353021,2013,53021,7539,6397,1142,0.2,71,0.5,0.5,0.7,0.0,0.2,0.0,0.2,0.92
Garfield,530232013,201353023,2013,53023,,541,,,73,0.5,0.5,,,,,0.1,0.83
Grant,530252013,201353025,2013,53025,13061,11059,2002,0.2,71,0.5,0.5,0.9,0.0,0.1,0.0,0.2,0.84
Grays Harbor,530272013,201353027,2013,53027,15596,14490,1106,0.1,70,0.5,0.5,0.9,0.0,0.0,0.1,0.2,0.89
Island,530292013,201353029,2013,53029,17752,12276,5476,0.3,72,0.5,0.5,0.9,0.0,0.0,0.0,0.1,0.80
Jefferson,530312013,201353031,2013,53031,9724,9127,597,0.1,72,0.5,0.5,1.0,0.0,0.0,0.0,0.1,0.75
King,530332013,201353033,2013,53033,246752,156927,89825,0.4,73,0.6,0.4,0.8,0.1,0.0,0.1,0.2,0.93
Kitsap,530352013,201353035,2013,53035,41158,32029,9129,0.2,71,0.5,0.5,0.9,0.0,0.0,0.1,0.2,0.89
Kittitas,530372013,201353037,2013,53037,6416,6035,381,0.1,72,0.5,0.5,1.0,0.0,0.0,0.0,0.1,0.76
Klickitat,530392013,201353039,2013,53039,4806,4502,304,0.1,71,0.5,0.5,0.9,0.0,0.0,0.0,0.2,0.69
Lewis,530412013,201353041,2013,53041,16892,11795,5097,0.3,70,0.5,0.5,1.0,0.0,0.0,0.0,0.2,0.87
Lincoln,530432013,201353043,2013,53043,2550,2355,195,0.1,72,0.5,0.5,,,,,0.1,0.78
Mason,530452013,201353045,2013,53045,13782,10907,2875,0.2,71,0.5,0.5,0.9,0.0,0.0,0.0,0.2,0.83
Okanogan,530472013,201353047,2013,53047,8938,8621,317,0.0,71,0.5,0.5,0.9,0.0,0.0,0.1,0.2,0.76
Pacific,530492013,201353049,2013,53049,6501,6242,259,0.0,72,0.5,0.5,0.9,0.0,0.0,0.0,0.2,0.82
Pend Oreille,530512013,201353051,2013,53051,3007,2631,376,0.1,70,0.5,0.5,,,,,0.2,0.77
Pierce,530532013,201353053,2013,53053,115840,80300,35540,0.3,71,0.5,0.5,0.8,0.1,0.0,0.1,0.2,0.94
San Juan,530552013,201353055,2013,53055,4309,3265,1044,0.2,73,0.5,0.5,,,,,0.1,0.66
Skagit,530572013,201353057,2013,53057,23774,15951,7823,0.3,72,0.5,0.5,0.9,0.0,0.0,0.0,0.2,0.86
Skamania,530592013,201353059,2013,53059,1836,1541,295,0.2,71,0.5,0.5,,,,,0.2,0.76
Snohomish,530612013,201353061,2013,53061,93766,49344,44422,0.5,71,0.5,0.5,0.9,0.0,0.0,0.1,0.2,0.93
Spokane,530632013,201353063,2013,53063,80526,52082,28444,0.4,71,0.5,0.5,0.9,0.0,0.0,0.0,0.2,0.94
Stevens,530652013,201353065,2013,53065,9986,8351,1635,0.2,71,0.5,0.5,0.9,0.0,0.0,0.1,0.2,0.82
Thurston,530672013,201353067,2013,53067,42999,27721,15278,0.4,70,0.5,0.5,0.9,0.0,0.0,0.1,0.2,0.86
Wahkiakum,530692013,201353069,2013,53069,1181,892,289,0.2,72,0.5,0.5,,,,,0.1,0.82
Walla Walla,530712013,201353071,2013,53071,10570,9233,1337,0.1,74,0.6,0.4,0.9,0.0,0.1,0.0,0.2,0.93
Whatcom,530732013,201353073,2013,53073,34370,21452,12918,0.4,71,0.5,0.5,0.9,0.0,0.0,0.1,0.2,0.89
Whitman,530752013,201353075,2013,53075,4800,4457,343,0.1,73,0.5,0.5,1.0,0.0,0.0,0.0,0.1,0.87
Yakima,530772013,201353077,2013,53077,35620,28053,7567,0.2,71,0.5,0.5,0.8,0.0,0.1,0.1,0.3,0.92
STATE TOTAL,.2014,201453000,2014,.,1077538,721426,356112,0.3,71,0.5,0.5,0.9,0.0,0.0,0.1,0.2,0.90
Adams,530012014,201453001,2014,53001,2193,1850,343,0.2,72,0.5,0.5,,,,,0.2,0.85
Asotin,530032014,201453003,2014,53003,5490,4580,910,0.2,71,0.5,0.5,1.0,0.0,0.0,0.0,0.2,0.92
Benton,530052014,201453005,2014,53005,27662,23533,4129,0.1,71,0.5,0.5,0.9,0.0,0.0,0.0,0.2,0.91
Chelan,530072014,201453007,2014,53007,14505,11485,3020,0.2,73,0.5,0.5,0.9,0.0,0.1,0.0,0.2,0.86
Clallam,530092014,201453009,2014,53009,21882,19874,2008,0.1,73,0.5,0.5,0.9,0.0,0.0,0.1,0.1,0.81
Clark,530112014,201453011,2014,53011,66937,28361,38576,0.6,70,0.5,0.5,0.9,0.0,0.0,0.1,0.3,0.97
Columbia,530132014,201453013,2014,53013,1138,1095,43,0.0,72,0.5,0.5,,,,,0.2,0.81
Cowlitz,530152014,201453015,2014,53015,22267,11485,10782,0.5,70,0.5,0.5,0.9,0.0,0.0,0.0,0.3,0.98
Douglas,530172014,201453017,2014,53017,6640,5318,1322,0.2,73,0.5,0.5,0.9,0.0,0.1,0.0,0.1,0.86
Ferry,530192014,201453019,2014,53019,1792,1707,85,0.0,70,0.5,0.5,,,,,0.2,0.74
Franklin,530212014,201453021,2014,53021,7895,6924,971,0.1,71,0.5,0.5,0.7,0.0,0.2,0.0,0.2,0.93
Garfield,530232014,201453023,2014,53023,,555,,,73,0.5,0.5,,,,,0.1,0.80
Grant,530252014,201453025,2014,53025,13393,11248,2145,0.2,71,0.5,0.5,0.9,0.0,0.1,0.0,0.2,0.86
Grays Harbor,530272014,201453027,2014,53027,16124,14793,1331,0.1,70,0.5,0.5,0.9,0.0,0.0,0.1,0.2,0.88
Island,530292014,201453029,2014,53029,18545,12967,5578,0.3,72,0.5,0.5,0.9,0.0,0.0,0.1,0.1,0.78
Jefferson,530312014,201453031,2014,53031,10118,9479,639,0.1,72,0.5,0.5,1.0,0.0,0.0,0.0,0.1,0.73
King,530332014,201453033,2014,53033,254574,157600,96974,0.4,73,0.6,0.4,0.8,0.1,0.0,0.1,0.2,0.93
Kitsap,530352014,201453035,2014,53035,42893,33298,9595,0.2,71,0.5,0.5,0.9,0.0,0.0,0.1,0.2,0.87
Kittitas,530372014,201453037,2014,53037,6680,6169,511,0.1,72,0.5,0.5,1.0,0.0,0.0,0.0,0.1,0.77
Klickitat,530392014,201453039,2014,53039,4981,4635,346,0.1,71,0.5,0.5,0.9,0.0,0.0,0.0,0.2,0.71
Lewis,530412014,201453041,2014,53041,17468,11898,5570,0.3,70,0.5,0.5,0.9,0.0,0.0,0.0,0.2,0.88
Lincoln,530432014,201453043,2014,53043,2632,2547,85,0.0,72,0.5,0.5,,,,,0.1,0.78
Mason,530452014,201453045,2014,53045,14196,11302,2894,0.2,71,0.5,0.5,0.9,0.0,0.0,0.0,0.2,0.82
Okanogan,530472014,201453047,2014,53047,9106,8286,820,0.1,71,0.5,0.5,0.9,0.0,0.0,0.1,0.2,0.79
Pacific,530492014,201453049,2014,53049,6642,6414,228,0.0,72,0.5,0.5,0.9,0.0,0.0,0.0,0.2,0.81
Pend Oreille,530512014,201453051,2014,53051,3162,2753,409,0.1,70,0.5,0.5,,,,,0.2,0.79
Pierce,530532014,201453053,2014,53053,120511,82590,37921,0.3,71,0.5,0.5,0.8,0.1,0.0,0.1,0.2,0.94
San Juan,530552014,201453055,2014,53055,4562,3434,1128,0.2,73,0.5,0.5,,,,,0.1,0.66
Skagit,530572014,201453057,2014,53057,24803,16750,8053,0.3,72,0.5,0.5,0.9,0.0,0.0,0.0,0.2,0.86
Skamania,530592014,201453059,2014,53059,1932,1613,319,0.2,71,0.5,0.5,,,,,0.2,0.77
Snohomish,530612014,201453061,2014,53061,97715,50268,47447,0.5,71,0.5,0.5,0.9,0.0,0.0,0.1,0.2,0.94
Spokane,530632014,201453063,2014,53063,83832,52990,30842,0.4,71,0.5,0.5,0.9,0.0,0.0,0.0,0.2,0.94
Stevens,530652014,201453065,2014,53065,10354,8810,1544,0.1,71,0.5,0.5,0.9,0.0,0.0,0.1,0.2,0.80
Thurston,530672014,201453067,2014,53067,45166,28719,16447,0.4,70,0.5,0.5,0.9,0.0,0.0,0.1,0.2,0.86
Wahkiakum,530692014,201453069,2014,53069,1249,939,310,0.2,71,0.5,0.5,,,,,0.1,0.84
Walla Walla,530712014,201453071,2014,53071,10848,9478,1370,0.1,73,0.6,0.4,0.9,0.0,0.1,0.0,0.2,0.95
Whatcom,530732014,201453073,2014,53073,35653,22188,13465,0.4,71,0.5,0.5,0.9,0.0,0.0,0.1,0.2,0.89
Whitman,530752014,201453075,2014,53075,4892,4719,173,0.0,73,0.5,0.5,1.0,0.0,0.0,0.0,0.1,0.85
Yakima,530772014,201453077,2014,53077,36543,28772,7771,0.2,71,0.5,0.5,0.8,0.0,0.2,0.1,0.3,0.93
STATE TOTAL,.2015,201553000,2015,.,1120032,743922,376110,0.3,71,0.5,0.5,0.9,0.0,0.0,0.1,0.2,0.90
Adams,530012015,201553001,2015,53001,2204,1856,348,0.2,71,0.5,0.5,,,,,0.2,0.88
Asotin,530032015,201553003,2015,53003,5616,4659,957,0.2,71,0.5,0.5,1.0,0.0,0.0,0.0,0.2,0.92
Benton,530052015,201553005,2015,53005,28846,25153,3693,0.1,71,0.5,0.5,0.9,0.0,0.1,0.0,0.2,0.92
Chelan,530072015,201553007,2015,53007,14975,11637,3338,0.2,73,0.5,0.5,0.9,0.0,0.1,0.0,0.2,0.87
Clallam,530092015,201553009,2015,53009,22578,20747,1831,0.1,73,0.5,0.5,0.9,0.0,0.0,0.1,0.1,0.82
Clark,530112015,201553011,2015,53011,69942,28348,41594,0.6,70,0.5,0.5,0.9,0.0,0.0,0.1,0.3,0.97
Columbia,530132015,201553013,2015,53013,1145,1103,42,0.0,72,0.5,0.5,1.0,0.0,0.0,0.0,0.2,0.83
Cowlitz,530152015,201553015,2015,53015,23017,11712,11305,0.5,70,0.5,0.5,0.9,0.0,0.0,0.0,0.3,0.96
Douglas,530172015,201553017,2015,53017,6858,5389,1469,0.2,73,0.5,0.5,0.9,0.0,0.1,0.0,0.2,0.88
Ferry,530192015,201553019,2015,53019,1873,1787,86,0.0,70,0.5,0.5,,,,,0.2,0.80
Franklin,530212015,201553021,2015,53021,8398,7334,1064,0.1,71,0.5,0.5,0.7,0.0,0.2,0.0,0.2,0.93
Garfield,530232015,201553023,2015,53023,584,572,12,0.0,73,0.5,0.5,,,,,0.2,0.82
Grant,530252015,201553025,2015,53025,13712,11443,2269,0.2,71,0.5,0.5,0.8,0.0,0.1,0.0,0.2,0.87
Grays Harbor,530272015,201553027,2015,53027,16709,15316,1393,0.1,70,0.5,0.5,0.9,0.0,0.0,0.1,0.2,0.87
Island,530292015,201553029,2015,53029,19403,13637,5766,0.3,72,0.5,0.5,0.9,0.0,0.0,0.1,0.1,0.79
Jefferson,530312015,201553031,2015,53031,10611,9956,655,0.1,72,0.5,0.5,0.9,0.0,0.0,0.0,0.1,0.72
King,530332015,201553033,2015,53033,263184,160555,102629,0.4,73,0.6,0.4,0.8,0.1,0.0,0.1,0.2,0.92
Kitsap,530352015,201553035,2015,53035,44776,34936,9840,0.2,71,0.5,0.5,0.9,0.0,0.0,0.1,0.2,0.86
Kittitas,530372015,201553037,2015,53037,7058,6453,605,0.1,72,0.5,0.5,1.0,0.0,0.0,0.0,0.1,0.77
Klickitat,530392015,201553039,2015,53039,5169,4788,381,0.1,71,0.5,0.5,0.9,0.0,0.0,0.0,0.2,0.71
Lewis,530412015,201553041,2015,53041,18100,12232,5868,0.3,70,0.5,0.5,0.9,0.0,0.0,0.0,0.2,0.87
Lincoln,530432015,201553043,2015,53043,2676,2606,70,0.0,72,0.5,0.5,,,,,0.1,0.79
Mason,530452015,201553045,2015,53045,14734,11652,3082,0.2,71,0.5,0.5,0.9,0.0,0.0,0.0,0.2,0.81
Okanogan,530472015,201553047,2015,53047,9360,8394,966,0.1,71,0.5,0.5,0.9,0.0,0.0,0.1,0.2,0.76
Pacific,530492015,201553049,2015,53049,6896,6593,303,0.0,71,0.5,0.5,0.9,0.0,0.0,0.0,0.2,0.81
Pend Oreille,530512015,201553051,2015,53051,3275,2860,415,0.1,71,0.5,0.5,1.0,0.0,0.0,0.0,0.2,0.77
Pierce,530532015,201553053,2015,53053,125508,84875,40633,0.3,71,0.5,0.5,0.8,0.1,0.0,0.1,0.2,0.94
San Juan,530552015,201553055,2015,53055,4759,3598,1161,0.2,73,0.5,0.5,,,,,0.1,0.65
Skagit,530572015,201553057,2015,53057,25918,17540,8378,0.3,72,0.5,0.5,0.9,0.0,0.0,0.0,0.2,0.86
Skamania,530592015,201553059,2015,53059,2005,1669,336,0.2,71,0.5,0.5,,,,,0.2,0.77
Snohomish,530612015,201553061,2015,53061,101990,51458,50532,0.5,71,0.5,0.5,0.9,0.0,0.0,0.1,0.2,0.94
Spokane,530632015,201553063,2015,53063,87297,54464,32833,0.4,71,0.5,0.5,0.9,0.0,0.0,0.0,0.2,0.94
Stevens,530652015,201553065,2015,53065,10686,9271,1415,0.1,71,0.5,0.5,0.9,0.0,0.0,0.1,0.2,0.80
Thurston,530672015,201553067,2015,53067,47695,30221,17474,0.4,70,0.5,0.5,0.9,0.0,0.0,0.1,0.2,0.85
Wahkiakum,530692015,201553069,2015,53069,1277,919,358,0.3,72,0.5,0.5,,,,,0.1,0.86
Walla Walla,530712015,201553071,2015,53071,11091,9713,1378,0.1,73,0.6,0.4,0.9,0.0,0.1,0.0,0.2,0.94
Whatcom,530732015,201553073,2015,53073,37515,23340,14175,0.4,71,0.5,0.5,0.9,0.0,0.0,0.1,0.2,0.89
Whitman,530752015,201553075,2015,53075,4982,4808,174,0.0,73,0.5,0.5,0.9,0.0,0.0,0.0,0.1,0.86
Yakima,530772015,201553077,2015,53077,37610,30328,7282,0.2,71,0.5,0.5,0.8,0.0,0.2,0.1,0.3,0.92
STATE TOTAL,.2016,201653000,2016,.,1158579,767555,391024,0.3,72,0.5,0.5,0.9,0.0,0.0,0.1,0.2,0.89
Adams,530012016,201653001,2016,53001,2267,1935,332,0.1,71,0.5,0.5,,,,,0.2,0.84
Asotin,530032016,201653003,2016,53003,5760,4795,965,0.2,71,0.5,0.5,1.0,0.0,0.0,0.0,0.2,0.91
Benton,530052016,201653005,2016,53005,29874,26727,3147,0.1,71,0.5,0.5,0.9,0.0,0.1,0.0,0.2,0.93
Chelan,530072016,201653007,2016,53007,15439,11946,3493,0.2,73,0.5,0.5,0.9,0.0,0.1,0.0,0.2,0.85
Clallam,530092016,201653009,2016,53009,23468,22843,625,0.0,73,0.5,0.5,0.9,0.0,0.0,0.1,0.1,0.82
Clark,530112016,201653011,2016,53011,72946,28481,44465,0.6,70,0.5,0.5,0.9,0.0,0.0,0.1,0.3,0.96
Columbia,530132016,201653013,2016,53013,1191,1150,41,0.0,72,0.5,0.5,,,,,0.2,0.82
Cowlitz,530152016,201653015,2016,53015,23634,11620,12014,0.5,70,0.5,0.5,0.9,0.0,0.0,0.0,0.3,0.95
Douglas,530172016,201653017,2016,53017,7115,5550,1565,0.2,73,0.5,0.5,,,,,0.2,0.87
Ferry,530192016,201653019,2016,53019,1992,1931,61,0.0,70,0.5,0.5,,,,,0.2,0.77
Franklin,530212016,201653021,2016,53021,8697,7851,846,0.1,71,0.5,0.5,0.7,0.0,0.2,0.0,0.2,0.95
Garfield,530232016,201653023,2016,53023,598,583,15,0.0,72,0.5,0.5,,,,,0.2,0.83
Grant,530252016,201653025,2016,53025,14124,11960,2164,0.2,71,0.5,0.5,0.8,0.0,0.1,0.0,0.2,0.85
Grays Harbor,530272016,201653027,2016,53027,17372,16378,994,0.1,70,0.5,0.5,0.9,0.0,0.0,0.1,0.2,0.88
Island,530292016,201653029,2016,53029,20141,14318,5823,0.3,72,0.5,0.5,0.9,0.0,0.0,0.1,0.1,0.78
Jefferson,530312016,201653031,2016,53031,11133,10741,392,0.0,73,0.5,0.5,0.9,0.0,0.0,0.0,0.1,0.71
King,530332016,201653033,2016,53033,270038,161618,108420,0.4,73,0.5,0.5,0.8,0.1,0.0,0.1,0.2,0.93
Kitsap,530352016,201653035,2016,53035,46598,36606,9992,0.2,71,0.5,0.5,0.9,0.0,0.0,0.1,0.2,0.86
Kittitas,530372016,201653037,2016,53037,7435,6758,677,0.1,72,0.5,0.5,0.9,0.0,0.0,0.0,0.1,0.76
Klickitat,530392016,201653039,2016,53039,5431,5252,179,0.0,71,0.5,0.5,0.9,0.0,0.0,0.0,0.2,0.70
Lewis,530412016,201653041,2016,53041,18593,12660,5933,0.3,70,0.5,0.5,0.9,0.0,0.0,0.0,0.2,0.87
Lincoln,530432016,201653043,2016,53043,2770,2676,94,0.0,72,0.5,0.5,,,,,0.1,0.74
Mason,530452016,201653045,2016,53045,15281,12158,3123,0.2,71,0.5,0.5,0.9,0.0,0.0,0.0,0.2,0.81
Okanogan,530472016,201653047,2016,53047,9516,8517,999,0.1,71,0.5,0.5,0.9,0.0,0.0,0.1,0.2,0.78
Pacific,530492016,201653049,2016,53049,7145,6833,312,0.0,71,0.5,0.5,0.9,0.0,0.0,0.0,0.2,0.81
Pend Oreille,530512016,201653051,2016,53051,3425,3288,137,0.0,70,0.5,0.5,1.0,0.0,0.0,0.0,0.2,0.78
Pierce,530532016,201653053,2016,53053,129715,85940,43775,0.3,71,0.5,0.5,0.8,0.1,0.0,0.1,0.2,0.93
San Juan,530552016,201653055,2016,53055,5022,3964,1058,0.2,73,0.5,0.5,,,,,0.1,0.64
Skagit,530572016,201653057,2016,53057,26957,19333,7624,0.3,72,0.5,0.5,0.9,0.0,0.0,0.0,0.2,0.86
Skamania,530592016,201653059,2016,53059,2086,1766,320,0.2,71,0.5,0.5,,,,,0.2,0.74
Snohomish,530612016,201653061,2016,53061,105988,52959,53029,0.5,71,0.5,0.5,0.8,0.0,0.0,0.1,0.2,0.94
Spokane,530632016,201653063,2016,53063,90585,55846,34739,0.4,71,0.5,0.5,0.9,0.0,0.0,0.0,0.2,0.93
Stevens,530652016,201653065,2016,53065,11037,10460,577,0.1,71,0.5,0.5,0.9,0.0,0.0,0.1,0.2,0.80
Thurston,530672016,201653067,2016,53067,50076,31005,19071,0.4,70,0.5,0.5,0.9,0.0,0.0,0.1,0.2,0.83
Wahkiakum,530692016,201653069,2016,53069,1323,945,378,0.3,71,0.5,0.5,,,,,0.2,0.86
Walla Walla,530712016,201653071,2016,53071,11305,10059,1246,0.1,73,0.6,0.4,0.9,0.0,0.1,0.0,0.2,0.95
Whatcom,530732016,201653073,2016,53073,39115,24376,14739,0.4,71,0.5,0.5,0.9,0.0,0.0,0.1,0.2,0.88
Whitman,530752016,201653075,2016,53075,5061,4876,185,0.0,73,0.5,0.5,0.9,0.0,0.0,0.0,0.1,0.85
Yakima,530772016,201653077,2016,53077,38326,30851,7475,0.2,71,0.5,0.5,0.8,0.0,0.2,0.1,0.3,0.92
STATE TOTAL,.2017,201753000,2017,.,1196540,783498,413042,0.3,72,0.5,0.5,0.9,0.0,0.0,0.1,0.2,0.90
Adams,530012017,201753001,2017,53001,2333,1998,335,0.1,71,0.5,0.5,,,,,0.2,0.89
Asotin,530032017,201753003,2017,53003,5902,4926,976,0.2,71,0.5,0.5,1.0,0.0,0.0,0.0,0.2,0.95
Benton,530052017,201753005,2017,53005,31164,30403,761,0.0,71,0.5,0.5,0.9,0.0,0.1,0.0,0.2,0.94
Chelan,530072017,201753007,2017,53007,15913,12118,3795,0.2,73,0.5,0.5,0.9,0.0,0.1,0.0,0.2,0.89
Clallam,530092017,201753009,2017,53009,24372,23594,778,0.0,73,0.5,0.5,0.9,0.0,0.0,0.1,0.1,0.83
Clark,530112017,201753011,2017,53011,76150,28596,47554,0.6,70,0.5,0.5,0.9,0.0,0.0,0.1,0.3,0.97
Columbia,530132017,201753013,2017,53013,1198,1158,40,0.0,72,0.5,0.5,,,,,0.2,0.84
Cowlitz,530152017,201753015,2017,53015,24187,11413,12774,0.5,70,0.5,0.5,0.9,0.0,0.0,0.0,0.3,0.95
Douglas,530172017,201753017,2017,53017,7271,5641,1630,0.2,73,0.5,0.5,,,,,0.2,0.93
Ferry,530192017,201753019,2017,53019,2059,2012,47,0.0,70,0.5,0.5,,,,,0.2,0.78
Franklin,530212017,201753021,2017,53021,9063,8853,210,0.0,71,0.5,0.5,0.7,0.0,0.2,0.0,0.2,0.97
Garfield,530232017,201753023,2017,53023,612,595,17,0.0,72,0.5,0.5,,,,,0.2,0.87
Grant,530252017,201753025,2017,53025,14558,12196,2362,0.2,71,0.5,0.5,0.8,0.0,0.1,0.0,0.2,0.93
Grays Harbor,530272017,201753027,2017,53027,18090,17038,1052,0.1,70,0.5,0.5,0.9,0.0,0.0,0.1,0.2,0.90
Island,530292017,201753029,2017,53029,20970,15082,5888,0.3,72,0.5,0.5,0.9,0.0,0.0,0.1,0.1,0.78
Jefferson,530312017,201753031,2017,53031,11700,11263,437,0.0,73,0.5,0.5,0.9,0.0,0.0,0.0,0.1,0.73
King,530332017,201753033,2017,53033,276258,160731,115527,0.4,73,0.5,0.5,0.8,0.1,0.0,0.1,0.2,0.93
Kitsap,530352017,201753035,2017,53035,48336,38069,10267,0.2,71,0.5,0.5,0.9,0.0,0.0,0.1,0.2,0.85
Kittitas,530372017,201753037,2017,53037,7749,7113,636,0.1,72,0.5,0.5,0.9,0.0,0.0,0.0,0.1,0.78
Klickitat,530392017,201753039,2017,53039,5574,5387,187,0.0,71,0.5,0.5,0.9,0.0,0.0,0.0,0.2,0.74
Lewis,530412017,201753041,2017,53041,19115,12702,6413,0.3,71,0.5,0.5,0.9,0.0,0.0,0.0,0.2,0.89
Lincoln,530432017,201753043,2017,53043,2827,2730,97,0.0,72,0.5,0.5,,,,,0.1,0.76
Mason,530452017,201753045,2017,53045,15734,12356,3378,0.2,71,0.5,0.5,0.9,0.0,0.0,0.0,0.2,0.83
Okanogan,530472017,201753047,2017,53047,9738,8597,1141,0.1,71,0.5,0.5,0.9,0.0,0.0,0.1,0.2,0.83
Pacific,530492017,201753049,2017,53049,7429,7075,354,0.0,71,0.5,0.5,0.9,0.0,0.0,0.0,0.2,0.83
Pend Oreille,530512017,201753051,2017,53051,3568,3426,142,0.0,70,0.5,0.5,0.9,0.0,0.0,0.0,0.2,0.79
Pierce,530532017,201753053,2017,53053,133743,86522,47221,0.4,71,0.5,0.5,0.8,0.1,0.0,0.1,0.2,0.94
San Juan,530552017,201753055,2017,53055,5289,4156,1133,0.2,73,0.5,0.5,,,,,0.1,0.66
Skagit,530572017,201753057,2017,53057,27940,20218,7722,0.3,72,0.5,0.5,0.9,0.0,0.0,0.0,0.2,0.85
Skamania,530592017,201753059,2017,53059,2142,1947,195,0.1,71,0.5,0.5,,,,,0.2,0.79
Snohomish,530612017,201753061,2017,53061,109890,53638,56252,0.5,71,0.5,0.5,0.8,0.0,0.0,0.1,0.2,0.95
Spokane,530632017,201753063,2017,53063,93856,56294,37562,0.4,71,0.5,0.5,0.9,0.0,0.0,0.0,0.2,0.93
Stevens,530652017,201753065,2017,53065,11415,10748,667,0.1,71,0.5,0.5,0.9,0.0,0.0,0.1,0.2,0.81
Thurston,530672017,201753067,2017,53067,52483,31939,20544,0.4,71,0.5,0.5,0.9,0.0,0.0,0.1,0.2,0.85
Wahkiakum,530692017,201753069,2017,53069,1352,946,406,0.3,71,0.5,0.5,,,,,0.2,0.83
Walla Walla,530712017,201753071,2017,53071,11680,10365,1315,0.1,73,0.6,0.4,0.9,0.0,0.1,0.0,0.2,0.96
Whatcom,530732017,201753073,2017,53073,40620,24775,15845,0.4,72,0.5,0.5,0.9,0.0,0.0,0.1,0.2,0.88
Whitman,530752017,201753075,2017,53075,5223,5012,211,0.0,73,0.5,0.5,0.9,0.0,0.0,0.0,0.1,0.84
Yakima,530772017,201753077,2017,53077,39037,31866,7171,0.2,71,0.5,0.5,0.8,0.0,0.2,0.1,0.2,0.93
STATE TOTAL,.2018,201853000,2018,.,1233158,785486,447672,0.4,72,0.5,0.5,0.9,0.0,0.0,0.1,0.2,0.91
Adams,530012018,201853001,2018,53001,2355,2009,346,0.1,71,0.5,0.5,,,,,0.2,0.89
Asotin,530032018,201853003,2018,53003,6025,5032,993,0.2,71,0.5,0.5,1.0,0.0,0.0,0.0,0.2,0.95
Benton,530052018,201853005,2018,53005,32490,31596,894,0.0,71,0.5,0.5,0.9,0.0,0.1,0.0,0.2,0.95
Chelan,530072018,201853007,2018,53007,16416,12278,4138,0.3,73,0.5,0.5,0.9,0.0,0.1,0.0,0.2,0.91
Clallam,530092018,201853009,2018,53009,25239,24347,892,0.0,73,0.5,0.5,0.9,0.0,0.0,0.1,0.1,0.84
Clark,530112018,201853011,2018,53011,79346,28394,50952,0.6,70,0.5,0.5,0.9,0.0,0.0,0.1,0.2,0.98
Columbia,530132018,201853013,2018,53013,1225,1180,45,0.0,72,0.5,0.5,,,,,0.2,0.83
Cowlitz,530152018,201853015,2018,53015,24769,11198,13571,0.5,70,0.5,0.5,0.9,0.0,0.0,0.0,0.3,0.96
Douglas,530172018,201853017,2018,53017,7500,5681,1819,0.2,73,0.5,0.5,0.9,0.0,0.1,0.0,0.2,0.93
Ferry,530192018,201853019,2018,53019,2100,2040,60,0.0,70,0.5,0.5,,,,,0.2,0.78
Franklin,530212018,201853021,2018,53021,9498,8957,541,0.1,71,0.5,0.5,0.7,0.0,0.2,0.0,0.2,0.97
Garfield,530232018,201853023,2018,53023,627,610,17,0.0,72,0.5,0.5,,,,,0.2,0.88
Grant,530252018,201853025,2018,53025,14998,12411,2587,0.2,71,0.5,0.5,0.8,0.0,0.1,0.0,0.2,0.95
Grays Harbor,530272018,201853027,2018,53027,18758,17589,1169,0.1,70,0.5,0.5,0.9,0.0,0.0,0.1,0.2,0.90
Island,530292018,201853029,2018,53029,21770,15571,6199,0.3,72,0.5,0.5,0.9,0.0,0.0,0.1,0.1,0.78
Jefferson,530312018,201853031,2018,53031,12141,11650,491,0.0,73,0.5,0.5,0.9,0.0,0.0,0.0,0.1,0.75
King,530332018,201853033,2018,53033,282055,158370,123685,0.4,73,0.5,0.5,0.8,0.1,0.0,0.1,0.2,0.94
Kitsap,530352018,201853035,2018,53035,50030,37673,12357,0.2,72,0.5,0.5,0.9,0.0,0.0,0.1,0.1,0.86
Kittitas,530372018,201853037,2018,53037,8053,7373,680,0.1,72,0.5,0.5,0.9,0.0,0.0,0.0,0.1,0.78
Klickitat,530392018,201853039,2018,53039,5684,5518,166,0.0,71,0.5,0.5,0.9,0.0,0.0,0.0,0.2,0.76
Lewis,530412018,201853041,2018,53041,19572,12307,7265,0.4,71,0.5,0.5,0.9,0.0,0.0,0.0,0.2,0.88
Lincoln,530432018,201853043,2018,53043,2906,2798,108,0.0,72,0.5,0.5,,,,,0.1,0.77
Mason,530452018,201853045,2018,53045,16188,12636,3552,0.2,71,0.5,0.5,0.9,0.0,0.0,0.0,0.2,0.84
Okanogan,530472018,201853047,2018,53047,9970,8647,1323,0.1,71,0.5,0.5,0.9,0.0,0.0,0.1,0.2,0.84
Pacific,530492018,201853049,2018,53049,7709,7296,413,0.1,71,0.5,0.5,0.9,0.0,0.0,0.0,0.2,0.83
Pend Oreille,530512018,201853051,2018,53051,3725,3556,169,0.0,70,0.5,0.5,0.9,0.0,0.0,0.0,0.2,0.81
Pierce,530532018,201853053,2018,53053,137681,86173,51508,0.4,71,0.5,0.5,0.8,0.1,0.0,0.1,0.2,0.95
San Juan,530552018,201853055,2018,53055,5459,4297,1162,0.2,73,0.5,0.5,,,,,0.1,0.66
Skagit,530572018,201853057,2018,53057,29017,20072,8945,0.3,72,0.5,0.5,0.9,0.0,0.0,0.0,0.1,0.86
Skamania,530592018,201853059,2018,53059,2243,2001,242,0.1,71,0.5,0.5,,,,,0.2,0.78
Snohomish,530612018,201853061,2018,53061,113257,53589,59668,0.5,71,0.5,0.5,0.8,0.0,0.0,0.1,0.2,0.95
Spokane,530632018,201853063,2018,53063,97041,55890,41151,0.4,72,0.5,0.5,0.9,0.0,0.0,0.0,0.2,0.94
Stevens,530652018,201853065,2018,53065,11743,10979,764,0.1,71,0.5,0.5,0.9,0.0,0.0,0.1,0.2,0.81
Thurston,530672018,201853067,2018,53067,54669,32637,22032,0.4,71,0.5,0.5,0.9,0.0,0.0,0.1,0.2,0.86
Wahkiakum,530692018,201853069,2018,53069,1389,960,429,0.3,71,0.5,0.5,,,,,0.2,0.83
Walla Walla,530712018,201853071,2018,53071,12085,10681,1404,0.1,73,0.6,0.4,0.9,0.0,0.1,0.0,0.2,0.97
Whatcom,530732018,201853073,2018,53073,42255,25535,16720,0.4,72,0.5,0.5,0.9,0.0,0.0,0.1,0.2,0.89
Whitman,530752018,201853075,2018,53075,5368,5134,234,0.0,72,0.5,0.5,0.9,0.0,0.0,0.0,0.1,0.84
Yakima,530772018,201853077,2018,53077,39802,30821,8981,0.2,72,0.5,0.5,0.8,0.0,0.2,0.1,0.2,0.92
